{
    "results": [
      {
        "id": "2944871938402549880",
        "name": "1079 - Jackson",
        "Inje": 0,
        "Bals": 0,
        "Poma": 1,
        "Xaro": 1
      },
      {
        "id": "294487193840254989",
        "name": "Beispiel",
        "Inje": 0,
        "Bals": 0,
        "Poma": 0,
        "Xaro": 0
      },
      {
        "id": "507551007954436117",
        "name": "Adam",
        "Inje": 0,
        "Bals": 0,
        "Poma": 0,
        "Xaro": 1
      }
    ]
  }