{
  "results": [
    {
      "id": "1079",
      "name": "Jackson Jones",
      "data": "06/04/2022 18:26:15 por 1079 | Jackson Jones",
      "Inje": 1,
      "Bals": 1,
      "Poma": 2,
      "Xaro": 2
    },
    {
      "id": "1066",
      "name": "Jacob McHorn",
      "data": "03/04/2022 18:42:19 por 1079 | Jackson Jones",
      "Inje": 0,
      "Bals": 0,
      "Poma": 0,
      "Xaro": 0,
      "add": "Registrado por 1079 | Jackson Jones em 03/04/2022 18:42:19"
    },
    {
      "id": "1208",
      "name": "Huster Ed",
      "data": "06/04/2022 18:27:03 por 1079 | Jackson Jones",
      "Inje": 1,
      "Bals": 1,
      "Poma": 2,
      "Xaro": 2,
      "add": "Registrado por 1079 | Jackson Jones em 06/04/2022 18:27:03"
    },
    {
      "id": "996",
      "name": "Arnaldo Linedock",
      "data": "06/04/2022 18:27:53 por 1079 | Jackson Jones",
      "Inje": 0,
      "Bals": 1,
      "Poma": 0,
      "Xaro": 0,
      "add": "Registrado por 1079 | Jackson Jones em 06/04/2022 18:27:53"
    },
    {
      "id": "67",
      "name": "Alina Revival",
      "data": "06/04/2022 18:29:21 por 1079 | Jackson Jones",
      "Inje": 1,
      "Bals": 0,
      "Poma": 2,
      "Xaro": 2,
      "add": "Registrado por 1079 | Jackson Jones em 06/04/2022 18:29:21"
    },
    {
      "id": "234234",
      "name": "a d",
      "data": "06/04/2022 19:58:40 por 1079 | Jackson Jones",
      "Inje": 0,
      "Bals": 0,
      "Poma": 0,
      "Xaro": 0,
      "add": "Registrado por 1079 | Jackson Jones em 06/04/2022 19:58:40"
    },
    {
      "id": "43",
      "name": "a d",
      "data": "06/04/2022 20:02:55 por 1079 | Jackson Jones",
      "Inje": 1,
      "Bals": 0,
      "Poma": 0,
      "Xaro": 0,
      "add": "Registrado por 1079 | Jackson Jones em 06/04/2022 20:02:55"
    }
  ]
}